statistical_sector,ID,n_trees,n_benches,n_trashcans,area_in_ha,total_number_of_inhabitants,population_density_per_km2,men,women,population_0_17_year_olds,population_20_39_year_olds,population_40_59_year_olds,population_60_79_year_olds,population_80_year_olds,births,deaths,natural_growth_b_d,total_growth,elderly_dependency_ratio,youth_dependency_ratio,caregiving_ratio,dependency_coefficient,family_care_index,non_belgian_current_nationality_w_r_t_to_residents,non_belgian_origin_w_r_t_to_inhabitants,private_households,households_without_lipro_children,multi_person_households_with_at_least_1_minor_lipro_child,multi_person_households_with_only_minor_lipro_child_ren,household_1_person,household_2_persons,household_3_persons,household_4_persons,household_5_persons,living_alone_w_r_t_to_private_households,household_without_lipro_children_w_r_t_private_households,multi_person_households_with_at_least_1_minor_lipro_child_w_r_t_private_households,single_parent_household_with_min_1_minor_lipro_child_vs_household_with_min_1_minor_lipro_child,nwwz_unemployed_jobseekers_w_r_t_inhabitants_18_64_yo,nwwz_unemployed_jobseekers,nwwz_short_term_unemployed_jobseekers,nwwz_long_term_unemployed_jobseekers,nwwz_very_long_term_unemployed_jobseekers,commercial_properties,commercial_properties_per_1000_inhabitants,stores_food_products,stores_personal_care,stores_clothing_and_fashion,stores_household_goods,stores_leisure,stores_in_and_around_the_house,stores_brown_and_white_goods,stores_car_and_bicycle,stores_do_it_yourself,stores_others,bars_and_restaurants,consumer_oriented_services_culture,consumer_oriented_services_transportation_and_fuels,consumer_oriented_services_recreation,consumer_oriented_services_others,commercial_properties_vacant_incl_renovation_until_2019,vacant_commercial_properties_w_r_t_commercial_properties_percent,stores_daily_goods_w_r_t_to_stores,commercial_properties_other_retail_w_r_t_to_retail,stores_periodic_goods_w_r_t_stores,stores_periodic_goods_vs_stores,residential_units_in_apartments,residential_units_in_collective_housing,residential_units_in_individual_housing,renters_w_r_t_households_with_known_title_of_ownership,social_rental_housing_social_housing_company_social_rental_office,persons_with_an_increased_allowance,persons_with_an_increased_allowance_w_r_t_persons_on_health_insurance,average_net_taxable_income_per_resident,preschool_students,elementary_school_students,secondary_school_students,indicator_pupils_primary_education_percent,indicator_pupils_secondary_education_percent,education_deprivation_indicator_value_primary_education_ratio,education_deprivation_indicator_value_secondary_education_ratio
Alsemberg,24062D691,363,7,3,166.47,182,109,93,89,49,42,48,32,11,NA,NA,2,-4,31.7,48.5,7.3,80.2,45.8,0.055,0.082,61,24,25,12,11,11,18,13,8,0.18,0.393,0.41,NA,NA,NA,NA,NA,NA,2,10.99,0,0,0,0,0,0,0,0,1,0,0,0,0,0,1,0,NA,NA,NA,NA,1,NA,NA,64,0.097,0,12,0.067,NA,8,17,14,NA,NA,0.42,0.36
Bankstraat,24062A52-,561,82,51,25.87,2170,8389,1089,1081,237,1123,383,353,74,24,6,18,10,21.5,14.9,9.9,36.4,41.6,0.315,0.431,1347,1166,131,50,834,331,89,71,22,0.619,0.866,0.097,0.168,0.044,72,0.597,0.194,0.208,14,6.45,4,1,0,0,0,0,0,0,0,0,3,0,1,1,4,0,NA,1,NA,NA,NA,1295,26,673,0.658,36,346,0.196,20538,53,70,72,0.336,0.449,0.84,1.1
Barreel,24062C59-,13,0,0,18.22,65,357,32,33,20,20,11,7,7,NA,NA,1,1,32.4,58.8,2.6,91.2,175,0.046,0.277,22,10,8,NA,NA,7,NA,NA,NA,NA,0.455,0.364,NA,NA,NA,NA,NA,NA,1,15.38,0,0,0,0,0,0,0,0,0,0,1,0,0,0,0,0,NA,NA,NA,NA,NA,NA,NA,21,NA,0,12,0.197,16276,NA,7,NA,NA,NA,0.5,NA
Belle-Vue,24062C41-,558,19,16,54.77,3375,6162,1633,1742,750,1101,821,563,140,43,23,20,33,24.8,35.7,9.9,60.5,36.3,0.122,0.266,1523,1019,363,141,593,438,213,164,115,0.389,0.669,0.238,0.154,0.037,79,0.532,0.203,0.266,22,6.52,3,1,1,0,0,0,0,0,0,0,5,0,2,0,9,1,0.045,0.8,NA,0.2,NA,749,NA,991,0.416,28,318,0.101,23824,116,220,226,0.284,0.363,0.58,1.65
Beneden Kessel,24062C50-,437,15,14,81.75,2146,2625,1055,1091,511,516,532,484,103,26,13,13,-37,39.3,43.5,9.9,82.8,41.2,0.095,0.26,920,585,234,101,302,313,124,99,82,0.328,0.636,0.254,0.184,0.039,47,0.681,0.149,0.17,14,6.52,4,1,0,0,1,0,0,0,0,0,3,0,0,0,5,0,NA,0.833,NA,0.167,NA,203,NA,780,0.285,59,161,0.081,22742,112,163,158,0.416,0.419,0.92,0.74
Beneden Lo,24062C32-,99,9,4,78.79,730,927,332,398,179,209,165,148,29,11,NA,9,-14,30.9,42.5,10.8,73.4,38.7,0.04,0.137,291,178,83,30,71,108,35,52,25,0.244,0.612,0.285,0.084,0.037,17,0.647,0.235,NA,NA,NA,NA,NA,NA,NA,NA,NA,NA,NA,NA,NA,NA,NA,NA,NA,NA,NA,NA,NA,NA,NA,NA,61,NA,245,0.215,0,41,0.057,28818,31,67,51,0.134,0.22,0.34,0.5
Blauwput Centrum,24062C00-,104,24,26,18.44,1555,8432,798,757,310,689,360,159,37,22,12,10,13,12.8,28.1,14,40.9,25.3,0.22,0.44,739,556,140,43,320,230,62,80,47,0.433,0.752,0.189,0.164,0.042,48,0.563,0.208,0.229,79,50.8,10,4,1,1,1,6,1,0,2,4,19,0,0,1,21,6,0.101,0.467,0.133,0.1,0.3,323,NA,576,0.558,8,322,0.208,19630,56,95,104,0.503,0.68,2.08,2.39
Blijde Inkomststraat,24062A31-,122,2,0,5.39,361,6697,209,152,35,211,53,42,20,NA,NA,0,-11,17.7,12.6,4.8,30.3,87,0.468,0.576,236,213,16,7,158,51,14,8,5,0.669,0.903,0.068,NA,0.071,19,0.526,NA,0.368,20,55.4,0,0,1,0,2,0,0,0,0,0,11,0,0,0,4,2,0.1,NA,NA,1,NA,368,NA,136,0.809,2,148,0.415,16746,9,10,10,0.778,NA,1.61,0.78
Bondgenotenlaan,24062A20-,32,7,23,6.77,462,6822,229,233,26,306,76,42,12,NA,NA,0,7,10.7,6.6,9.8,17.3,26.1,0.457,0.587,325,303,16,6,222,81,13,8,NA,0.683,0.932,0.049,NA,0.036,16,0.5,0.188,0.313,191,413.42,12,11,45,1,7,3,3,0,1,1,35,2,0,1,27,38,0.22,0.274,0.012,0.631,0.083,581,NA,234,0.884,1,64,0.164,19191,8,NA,NA,0.583,NA,2,NA
Booleeg,24062D512,181,24,5,47.11,628,1333,315,313,123,116,179,194,16,6,5,1,-8,37.2,33.4,23.3,70.7,14.8,0.067,0.164,250,148,62,40,43,113,40,36,18,0.172,0.592,0.248,0.129,0.022,9,0.667,NA,0.333,2,3.18,0,0,0,0,0,0,0,0,0,0,1,0,0,0,1,0,NA,NA,NA,NA,NA,NA,NA,255,0.098,0,22,0.034,35236,18,48,43,NA,NA,0.2,0.1
Boven Lo,24062C39-,98,5,3,101.56,670,660,322,348,172,115,186,164,33,7,NA,3,11,42.3,49.1,10.6,91.4,39.3,0.042,0.118,260,144,74,42,56,96,38,45,25,0.215,0.554,0.285,0.122,0.011,4,NA,NA,NA,NA,NA,NA,NA,NA,NA,NA,NA,NA,NA,NA,NA,NA,NA,NA,NA,NA,NA,NA,NA,NA,NA,NA,NA,NA,275,0.07,0,22,0.036,27578,30,53,58,0.123,0.175,0.2,0.26
Braban√ßonnestraat,24062A33-,50,0,6,8.27,705,8521,378,327,64,376,115,78,72,9,19,-10,23,24.2,12.4,2.7,36.6,144,0.35,0.447,413,372,28,13,269,92,31,13,8,0.651,0.901,0.068,0.179,0.047,25,0.56,0.24,0.2,4,5.67,0,0,0,0,0,0,0,0,0,0,2,0,0,0,1,1,0.25,NA,NA,NA,NA,567,NA,429,0.763,5,174,0.259,19386,14,7,18,0.55,0.833,1.3,1.39
Bruine Veld,24062C52-,129,3,5,45.04,354,786,174,180,88,81,79,70,36,NA,NA,1,-1,50.3,49.7,4.1,100,94.7,0.071,0.192,148,90,43,15,45,52,14,23,14,0.304,0.608,0.291,0.116,0.016,3,NA,NA,NA,NA,NA,NA,NA,NA,NA,NA,NA,NA,NA,NA,NA,NA,NA,NA,NA,NA,NA,NA,NA,NA,NA,NA,27,NA,137,0.23,0,15,0.043,25049,14,30,26,0.209,NA,0.56,0.19
Bruul,24062A51-,299,67,33,16.39,1998,12188,990,1008,322,829,424,326,97,37,15,22,-14,25.2,24,7.7,49.2,50.5,0.266,0.505,1192,994,148,50,749,269,79,44,51,0.628,0.834,0.124,0.331,0.059,91,0.659,0.11,0.231,29,14.51,7,2,0,0,0,0,0,1,1,0,7,0,0,0,5,6,0.207,0.818,NA,NA,0.182,1230,NA,529,0.747,237,581,0.279,18823,73,83,94,0.722,0.681,2.46,2.3
Campus Heverlee,24062D410,3705,60,36,167.18,579,346,325,254,12,540,16,7,NA,NA,NA,-1,154,1.6,2.2,5.8,3.8,NA,0.907,0.929,561,559,NA,NA,546,14,NA,NA,NA,0.973,0.996,NA,NA,0.007,3,NA,NA,NA,7,12.09,1,0,0,0,1,0,0,0,0,0,5,0,0,0,0,0,NA,0.5,NA,0.5,NA,645,240,7,0.975,0,68,0.37,3375,NA,NA,NA,NA,NA,NA,NA
Centrale Gevangenis,24062A34-,133,10,16,4.62,80,1732,80,NA,NA,13,52,15,NA,NA,NA,0,-13,9.6,NA,NA,NA,NA,0.138,0.188,NA,NA,NA,NA,NA,NA,NA,NA,NA,NA,NA,NA,NA,0.196,20,0.2,0.15,0.65,NA,NA,NA,NA,NA,NA,NA,NA,NA,NA,NA,NA,NA,NA,NA,NA,NA,NA,NA,NA,NA,NA,NA,NA,NA,NA,NA,0,NA,NA,269,NA,NA,NA,NA,NA,NA,NA
Centrale Werkplaatsen,24062C01-,58,27,4,8.58,648,7548,295,353,197,171,189,74,17,10,5,5,3,19,52,15.5,71,36.2,0.144,0.508,269,152,97,20,104,61,33,45,26,0.387,0.565,0.361,0.155,0.031,12,0.5,0.25,0.25,5,7.72,1,0,0,0,0,1,0,0,1,0,1,0,0,0,1,0,NA,0.333,NA,NA,0.667,263,NA,13,0.25,30,28,0.075,20598,44,78,46,0.441,0.558,0.92,1.02
Damiaanplein,24062A03-,174,3,9,13.67,694,5075,373,321,38,396,88,76,96,5,20,-15,112,30.4,7.6,1.7,38,300,0.537,0.589,462,433,19,10,371,62,14,11,NA,0.803,0.937,0.041,NA,0.013,6,0.5,NA,NA,18,25.94,3,0,0,1,1,0,0,0,0,1,5,0,0,0,5,2,0.111,0.5,0.167,0.333,NA,370,54,98,0.916,0,97,0.169,20059,9,13,8,0.238,NA,0.81,0.88
De Jacht,24062D310,25,1,3,61.15,925,1513,406,519,150,155,218,229,173,NA,25,-21,-40,76.5,34.2,2.6,110.7,157.3,0.082,0.151,325,214,65,46,104,124,36,37,24,0.32,0.658,0.2,0.138,0.015,7,NA,0.429,NA,5,5.41,0,0,0,0,0,0,0,0,0,0,2,0,1,0,2,0,NA,NA,NA,NA,NA,188,NA,224,0.265,0,205,0.226,26228,14,62,67,0.133,0.154,0.41,0.25
De Mol,24062E732,110,0,5,57.73,1078,1867,539,539,279,234,282,238,45,9,NA,5,25,38,48.2,11.6,86.2,31.7,0.112,0.361,415,239,111,65,110,141,54,60,50,0.265,0.576,0.267,0.09,0.04,25,0.64,0.16,0.2,17,15.77,1,1,2,0,0,6,1,0,1,1,0,0,2,0,1,1,0.059,0.154,0.077,0.154,0.615,90,NA,343,0.375,80,245,0.236,20952,32,88,94,0.478,0.663,1.23,1.45
Den Duivel,24062E790,448,1,2,113.38,289,255,142,147,78,74,78,46,13,NA,NA,3,-7,27.1,47,9.5,74.1,41.9,0.045,0.076,115,63,38,14,32,32,18,27,6,0.278,0.548,0.33,NA,0.029,5,NA,NA,0.6,NA,NA,NA,NA,NA,NA,NA,NA,NA,NA,NA,NA,NA,NA,NA,NA,NA,NA,NA,NA,NA,NA,NA,6,NA,113,0.126,0,10,0.036,23856,8,32,25,NA,0.217,0.15,0.3
Dijledreef,24062C58-,6,0,0,10.65,NA,NA,NA,NA,NA,NA,NA,NA,NA,NA,NA,0,0,NA,NA,NA,NA,NA,NA,NA,NA,NA,NA,NA,NA,NA,NA,NA,NA,NA,NA,NA,NA,NA,NA,NA,NA,NA,NA,NA,NA,NA,NA,NA,NA,NA,NA,NA,NA,NA,NA,NA,NA,NA,NA,NA,NA,NA,NA,NA,NA,NA,NA,NA,NA,0,NA,NA,NA,NA,NA,NA,NA,NA,NA,NA
Don Bosco,24062C44-,510,56,29,37.33,1778,4763,859,919,527,433,433,287,98,24,13,11,-47,29.2,54.4,7.3,83.7,50.5,0.129,0.504,699,391,214,94,244,173,87,100,95,0.349,0.559,0.306,0.136,0.084,94,0.5,0.16,0.34,2,1.12,1,0,0,0,0,0,0,0,0,0,1,0,0,0,0,0,NA,1,NA,NA,NA,389,NA,506,0.543,410,750,0.383,15378,120,176,179,0.676,0.749,2.48,2.57
Draak,24062B132,83,11,7,26.69,555,2080,274,281,131,97,160,140,27,NA,NA,2,-20,40.4,43.4,11.1,83.8,26.7,0.025,0.209,207,119,52,36,42,80,27,31,27,0.203,0.575,0.251,NA,0.021,7,0.714,NA,NA,NA,NA,NA,NA,NA,NA,NA,NA,NA,NA,NA,NA,NA,NA,NA,NA,NA,NA,NA,NA,NA,NA,NA,6,NA,212,0.143,20,92,0.161,23028,10,39,66,0.521,0.379,1.1,0.67
Dries,24062F491,154,17,4,322.12,678,210,344,334,170,129,192,150,37,6,8,-2,-15,38,46.2,9.2,84.2,40.7,0.027,0.091,251,140,73,38,44,99,34,40,34,0.175,0.558,0.291,0.137,0.026,10,0.6,0.3,NA,NA,NA,NA,NA,NA,NA,NA,NA,NA,NA,NA,NA,NA,NA,NA,NA,NA,NA,NA,NA,NA,NA,NA,NA,NA,271,0.109,0,35,0.053,23313,32,63,64,0.204,0.274,0.35,0.37
Egenhoven,24062D500,81,11,7,27.04,692,2559,345,347,164,181,182,110,55,11,NA,7,-26,34,41.6,5.3,75.6,64,0.142,0.243,273,155,86,32,68,94,36,55,20,0.249,0.568,0.315,0.07,0.038,16,0.75,NA,NA,6,8.67,0,1,0,0,0,0,0,0,0,0,3,0,0,0,1,1,0.167,1,NA,NA,NA,NA,NA,287,0.24,0,80,0.122,31234,42,53,42,0.232,0.238,0.64,0.62
Gasthuisberg,24062D633,168,10,0,37.9,104,274,50,54,33,34,21,14,NA,NA,NA,0,0,16.4,54.1,17.5,70.5,NA,0.048,0.154,34,17,14,NA,7,7,7,6,7,0.206,0.5,0.412,NA,NA,NA,NA,NA,NA,7,67.31,1,1,0,0,0,1,0,0,0,0,3,1,0,0,0,0,NA,0.667,NA,NA,0.333,17,NA,25,0.353,0,NA,NA,NA,NA,15,12,NA,0.455,0.13,0.45
Groot Begijnhof,24062A43-,21,0,1,3.49,221,6339,109,112,29,142,37,9,NA,NA,NA,4,-9,6.7,16.1,11.5,22.8,NA,0.873,0.887,149,128,19,NA,106,24,11,6,NA,0.711,0.859,0.128,NA,0.017,3,1,NA,NA,2,9.05,0,0,0,0,0,0,0,0,0,0,2,0,0,0,0,0,NA,NA,NA,NA,NA,142,NA,62,1,0,34,0.17,10645,12,8,NA,0.3,NA,1.25,NA
Haasrode Industrie,24062E774,28,6,2,237.71,157,66,76,81,45,33,33,38,8,NA,NA,1,2,31.8,52.9,8.9,84.7,53.3,0.083,0.185,60,34,20,6,14,24,10,7,5,0.233,0.567,0.333,NA,0.052,5,1,NA,NA,26,165.61,1,1,0,0,0,0,0,0,1,1,4,0,12,0,6,0,NA,0.5,0.25,NA,0.25,6,NA,58,0.083,0,NA,NA,32171,6,12,12,NA,NA,0.61,0.45
Heffel,24062C10-,500,19,7,12.4,498,4016,238,260,119,134,132,91,22,9,NA,7,-2,29.4,40.6,10.1,70,51.2,0.133,0.293,220,150,60,10,72,82,22,29,15,0.327,0.682,0.273,NA,0.017,5,0.6,NA,NA,2,4.02,1,0,0,0,0,0,0,0,0,0,0,0,0,0,0,1,0.5,1,NA,NA,NA,91,NA,141,0.364,1,48,0.104,22927,19,41,39,0.276,0.421,0.71,0.74
Heilig Hart,24062D11-,68,2,4,26.68,1035,3880,518,517,209,388,258,155,25,21,5,16,-22,19.2,30.2,16.5,49.4,20.5,0.133,0.286,469,307,107,55,166,161,60,53,29,0.354,0.655,0.228,0.168,0.032,24,0.458,0.167,0.375,19,18.36,2,1,1,0,2,0,1,1,0,0,3,0,0,0,3,4,0.263,0.375,NA,0.375,0.25,77,NA,452,0.308,1,98,0.094,21580,49,52,72,0.327,0.435,0.71,0.74
Het Broek,24062C51-,227,20,17,42.07,2496,5934,1203,1293,417,852,646,497,84,32,17,15,27,25.1,25.1,13.6,50.2,25.2,0.192,0.357,1279,952,226,101,552,437,133,122,35,0.432,0.744,0.177,0.173,0.033,57,0.404,0.211,0.386,2,0.8,0,0,0,0,0,0,0,0,0,0,0,0,0,0,2,0,NA,NA,NA,NA,NA,974,NA,386,0.467,100,296,0.122,23903,101,128,103,0.416,0.432,0.9,0.89
Heuvelhof,24062C12-,911,75,18,25.23,1068,4233,485,583,254,223,248,196,147,14,27,-13,25,57.8,49.2,3,107,123.5,0.09,0.341,447,296,105,46,199,106,45,56,41,0.445,0.662,0.235,0.143,0.036,19,0.368,0.211,0.421,5,4.68,1,0,0,0,0,1,0,0,0,0,0,0,0,0,3,0,NA,0.5,NA,NA,0.5,83,21,369,0.541,154,332,0.311,19833,38,71,85,0.538,0.588,1.16,1.19
Heverlee Centrum,24062D00-,135,36,11,12.83,886,6906,486,400,143,429,183,111,20,5,NA,1,-17,16.1,22.3,14.7,38.4,21.5,0.337,0.44,500,412,64,24,299,109,31,38,23,0.598,0.824,0.128,0.203,0.051,35,0.686,0.143,0.171,40,45.15,4,1,1,1,2,4,0,0,0,1,7,1,0,0,16,2,0.05,0.357,0.071,0.286,0.286,333,NA,376,0.66,13,145,0.166,19866,17,43,51,0.283,0.5,0.7,1.18
Heverlee Dreef,24062D01-,266,9,13,16.28,336,2064,142,194,61,65,62,62,86,NA,8,-6,21,95,43.3,1.4,138.3,296.6,0.158,0.259,135,102,24,9,66,34,9,11,15,0.489,0.756,0.178,NA,0.033,5,0.8,NA,NA,7,20.83,0,0,0,0,0,0,0,0,0,0,6,0,0,0,1,0,NA,NA,NA,NA,NA,98,NA,73,0.318,0,23,0.085,27320,6,12,30,NA,0.276,0.39,0.38
Heverlee Kazerne,24062D290,81,4,2,102.15,128,125,69,59,20,42,38,24,NA,NA,NA,3,-8,22.7,22.7,15.5,45.5,NA,0.164,0.406,55,38,12,5,20,20,11,NA,NA,0.364,0.691,0.218,NA,NA,NA,NA,NA,NA,1,7.81,0,0,0,0,0,0,0,0,0,0,0,0,0,1,0,0,NA,NA,NA,NA,NA,42,NA,10,1,0,NA,NA,22195,NA,7,6,0.9,NA,1.6,0.33
Heverlee Kerkhof,24062D19-,412,60,27,25.71,92,358,41,51,18,32,24,15,NA,NA,NA,3,7,19.4,29,13,48.4,NA,0.185,0.304,48,38,9,NA,23,15,6,NA,NA,0.479,0.792,0.188,NA,NA,NA,NA,NA,NA,5,54.35,0,0,0,0,0,0,0,0,0,0,3,0,0,2,0,0,NA,NA,NA,NA,NA,23,NA,25,0.362,0,NA,NA,29957,NA,5,6,NA,NA,0.8,1.33
Heverlee Naamse Poort,24062D02-,153,13,13,12.87,1315,10221,644,671,171,553,224,250,117,17,10,7,-3,37,20.5,4.1,57.5,100.9,0.355,0.48,786,674,84,28,473,198,56,36,23,0.602,0.858,0.107,0.155,0.044,37,0.622,0.162,0.216,33,25.1,4,1,0,0,1,1,0,0,2,0,5,0,1,0,11,7,0.212,0.556,NA,0.111,0.333,795,49,174,0.676,20,256,0.204,19337,57,49,24,0.592,0.458,2.51,2.25
Heverlee Park,24062D209,220,3,5,44.45,651,1465,330,321,133,209,183,105,21,NA,NA,3,8,18.5,30.4,13.7,49,24.1,0.166,0.295,280,169,73,38,101,74,45,42,18,0.361,0.604,0.261,0.137,0.038,17,0.529,0.235,0.235,7,10.75,1,0,0,0,0,0,0,0,0,0,1,1,0,2,1,1,0.143,1,NA,NA,NA,119,NA,182,0.316,0,44,0.07,28069,21,35,44,0.109,0.163,0.42,0.3
Heverlee Station,24062D03-,66,3,11,48.66,2921,6003,1446,1475,462,1205,650,439,165,27,27,0,-41,24.4,23.4,6.6,47.8,51.2,0.272,0.426,1590,1258,244,88,876,404,153,108,49,0.551,0.791,0.153,0.213,0.038,77,0.545,0.117,0.338,42,14.38,9,1,4,0,1,1,0,0,0,1,8,0,0,1,11,4,0.119,0.588,0.059,0.294,0.059,940,96,854,0.608,13,469,0.174,20352,83,145,137,0.347,0.485,1.85,1.87
Heverlee Waverse Baan,24062D04-,26,1,2,132.22,1717,1299,872,845,381,433,432,343,128,8,12,-4,-18,39.6,39.8,6.1,79.4,56.1,0.15,0.25,674,405,176,93,215,197,86,98,78,0.319,0.601,0.261,0.136,0.021,21,0.667,0.143,0.19,5,2.91,0,1,0,0,0,2,0,0,0,0,0,0,0,1,1,0,NA,0.333,NA,NA,0.667,197,7,557,0.269,0,142,0.087,32742,46,119,149,0.167,0.184,0.39,0.35
Heverleebos,24062D390,27,8,12,468.02,14,3,5,9,NA,NA,NA,NA,NA,NA,NA,-1,-5,NA,NA,NA,NA,NA,NA,NA,8,5,NA,NA,5,NA,NA,NA,NA,0.625,0.625,NA,NA,NA,NA,NA,NA,NA,NA,NA,NA,NA,NA,NA,NA,NA,NA,NA,NA,NA,NA,NA,NA,NA,NA,NA,NA,NA,NA,NA,NA,NA,NA,7,NA,0,NA,NA,NA,NA,NA,NA,NA,NA,NA,NA
Ijzeren Brugje,24062E70-,114,6,6,15.8,498,3151,249,249,132,125,135,78,28,NA,NA,0,-2,25.8,45.4,7.6,71.1,41.8,0.096,0.185,201,121,59,21,61,65,26,29,20,0.303,0.602,0.294,0.119,0.065,20,0.6,NA,0.3,2,4.02,0,1,0,0,0,1,0,0,0,0,0,0,0,0,0,0,NA,0.5,NA,NA,0.5,27,NA,190,0.244,0,37,0.073,NA,24,43,42,0.273,0.256,0.47,0.54
Ijzermolen,24062D644,790,23,20,87.59,2851,3255,1454,1397,430,1194,547,530,150,30,18,12,62,25.3,22.3,7.2,47.6,53.2,0.37,0.499,1579,1263,218,98,874,407,141,103,54,0.554,0.8,0.138,0.142,0.034,69,0.522,0.159,0.319,7,2.46,2,0,0,0,0,0,0,0,0,1,0,0,1,0,2,1,0.143,0.667,0.333,NA,NA,1453,NA,553,0.648,71,478,0.181,19119,74,128,103,0.448,0.374,1.12,0.85
Jeugdsquare,24062C03-,184,3,6,10.57,685,6483,349,336,156,225,168,116,20,9,NA,7,-22,24.2,36.6,14.2,60.8,25.6,0.099,0.385,287,178,74,35,99,83,41,43,21,0.345,0.62,0.258,0.162,0.054,24,0.5,0.208,0.292,6,8.76,1,0,0,0,0,0,0,0,0,0,1,0,0,0,4,0,NA,1,NA,NA,NA,28,NA,277,0.409,60,151,0.215,20020,32,45,65,0.514,0.609,2.14,2.3
Kardinaalstraat,24062A15-,73,26,4,10.73,1026,9560,547,479,148,500,217,121,40,10,7,3,-14,16,19.6,8.5,35.5,40.8,0.349,0.502,592,488,64,40,374,109,42,44,23,0.632,0.824,0.108,0.125,0.049,38,0.474,0.237,0.289,4,3.9,1,0,0,0,0,0,0,0,0,0,0,0,0,0,3,0,NA,1,NA,NA,NA,757,24,351,0.744,35,161,0.194,19657,28,39,32,0.435,0.5,1.18,1.1
Kareelveld,24062A61-,673,46,30,145.26,855,589,434,421,147,288,167,164,89,9,24,-15,16,43,29.7,3.7,72.7,101.1,0.142,0.256,360,254,71,35,126,138,31,34,31,0.35,0.706,0.197,0.085,0.037,19,0.474,0.263,0.263,10,11.7,0,0,0,0,0,0,0,0,2,1,2,0,0,0,4,1,0.1,NA,0.333,NA,0.667,154,81,226,0.432,0,80,0.096,25769,14,45,47,0.088,0.149,0.3,0.3
Keizersberg,24062A55-,267,45,17,25.33,514,2029,276,238,82,198,121,85,28,6,NA,4,21,25.6,23.8,7.4,49.4,44.4,0.255,0.475,255,200,39,16,128,68,28,21,10,0.502,0.784,0.153,0.154,0.063,22,0.682,NA,0.227,NA,NA,NA,NA,NA,NA,NA,NA,NA,NA,NA,NA,NA,NA,NA,NA,NA,NA,NA,NA,NA,NA,NA,165,NA,192,0.571,60,158,0.348,17191,17,29,23,0.537,0.478,1.27,1.13
Kesselberg Leming,24062C61-,220,7,4,103.22,542,525,278,264,113,114,136,150,29,NA,NA,3,2,39.3,36.7,9.9,76,41.4,0.041,0.116,210,126,48,36,41,88,28,29,24,0.195,0.6,0.229,NA,0.039,12,0.667,NA,NA,NA,NA,NA,NA,NA,NA,NA,NA,NA,NA,NA,NA,NA,NA,NA,NA,NA,NA,NA,NA,NA,NA,NA,NA,NA,221,0.058,1,24,0.047,32398,17,45,36,0.167,0.229,0.3,0.46
Kessel-Lo Achter Centrale,24062C05-,72,14,5,13.37,1314,9831,645,669,243,607,281,163,20,8,NA,4,70,13,25.6,22.2,38.6,18.5,0.274,0.441,721,565,116,40,423,144,65,59,30,0.587,0.784,0.161,0.155,0.029,28,0.5,0.214,0.286,13,9.89,4,0,0,0,1,0,0,0,0,0,5,0,0,0,1,2,0.154,0.8,NA,0.2,NA,353,NA,362,0.551,35,137,0.131,19547,35,61,73,0.298,0.478,1.56,1.99
Kessel-Lo Sportstation,24062C02-,302,37,26,26.15,1408,5384,676,732,319,463,356,236,34,17,5,12,1,20.6,35.3,17.4,55.9,24.3,0.113,0.321,632,404,159,69,241,186,83,78,44,0.381,0.639,0.252,0.239,0.048,44,0.614,0.182,0.205,14,9.94,1,1,0,0,1,0,0,0,0,0,6,1,0,1,2,1,0.071,0.667,NA,0.333,NA,110,NA,528,0.336,8,129,0.106,21099,56,108,101,0.503,0.381,1.13,0.72
Klein Rijsel,24062C40-,30,26,12,12.5,548,4383,283,265,96,253,122,60,17,NA,NA,0,-5,16.8,24.8,10.7,41.6,28.3,0.206,0.431,300,239,47,14,161,76,33,17,13,0.537,0.797,0.157,0.298,0.061,25,0.48,0.12,0.4,6,10.95,0,0,0,0,0,0,1,0,0,0,1,0,0,0,3,1,0.167,NA,NA,NA,1,227,NA,171,0.664,46,67,0.151,20300,17,28,26,0.69,0.458,1.31,0.88
Kleine Gevangenis,24062A32-,280,59,24,22.7,1899,8367,983,916,202,1037,376,233,51,25,10,15,-39,12.9,13.4,11.9,26.3,27,0.363,0.486,1199,1047,96,56,798,251,74,42,34,0.666,0.873,0.08,0.25,0.053,89,0.562,0.191,0.247,36,18.96,3,1,1,0,2,5,0,2,0,1,13,0,0,0,8,0,NA,0.267,0.067,0.2,0.467,1297,NA,782,0.774,40,447,0.238,19064,37,50,60,0.593,0.429,2.33,1.93
Koksijdewijk,24062B352,31,6,7,18.5,635,3433,297,338,164,193,160,101,17,9,5,4,-3,20.8,42.1,15.4,62.8,17.7,0.052,0.266,241,121,78,42,58,76,41,41,25,0.241,0.502,0.324,0.192,0.025,10,0.4,0.3,0.3,1,1.57,0,0,0,0,0,0,0,0,0,0,1,0,0,0,0,0,NA,NA,NA,NA,NA,15,NA,237,0.199,18,87,0.151,21312,27,56,37,0.506,0.595,0.88,1.08
Kwade Hoek,24062B122,198,8,6,64.3,1350,2100,678,672,288,258,405,358,41,13,8,5,-14,39.9,37.9,18.6,77.9,17.7,0.035,0.118,529,289,138,102,87,222,107,71,41,0.164,0.546,0.261,0.145,0.026,22,0.455,0.182,0.364,4,2.96,1,0,1,0,0,0,0,0,0,0,0,0,0,1,1,0,NA,0.5,NA,0.5,NA,11,NA,535,0.07,1,79,0.058,23860,50,82,112,0.273,0.259,0.37,0.4
Ladeuze,24062A23-,107,18,9,7.55,289,3827,142,147,19,175,38,37,20,NA,NA,1,26,18.9,8.4,3.8,27.3,111.1,0.516,0.599,208,194,10,NA,154,39,8,NA,NA,0.74,0.933,0.048,NA,0.022,5,NA,NA,0.6,67,231.83,7,0,11,1,3,1,1,0,0,1,13,2,0,0,13,13,0.209,0.28,0.04,0.6,0.08,413,NA,112,0.861,0,39,0.16,19142,NA,7,5,NA,NA,0.89,0.8
Langeveld Verspreide Bewoning,24062B391,390,6,3,137.19,111,81,54,57,30,24,32,23,NA,NA,NA,-1,-2,17.4,43.5,27.5,60.9,NA,0.063,0.297,39,19,14,6,9,10,5,8,7,0.231,0.487,0.359,NA,NA,NA,NA,NA,NA,1,9.01,0,0,0,0,0,0,0,0,0,0,1,0,0,0,0,0,NA,NA,NA,NA,NA,NA,NA,38,NA,0,12,0.121,25644,5,8,14,0.385,NA,0.46,0.43
Lei Vismarkt,24062A01-,139,29,41,12.65,864,6829,458,406,49,478,131,144,62,6,7,-1,-2,25.8,7.6,4.4,33.3,86.1,0.372,0.45,604,569,22,13,406,158,25,12,NA,0.672,0.942,0.036,0.182,0.05,34,0.559,0.206,0.235,146,168.98,29,4,33,3,4,8,0,1,0,4,38,1,0,0,14,6,0.048,0.384,0.047,0.465,0.105,912,26,497,0.789,5,125,0.168,21419,13,9,16,0.571,0.813,1.52,1.69
Lepelstraat,24062A21-,53,23,18,3.05,272,8912,140,132,16,178,46,28,NA,NA,NA,0,3,10.3,6.9,18.5,17.2,NA,0.357,0.518,201,190,8,NA,148,42,6,NA,NA,0.736,0.945,0.04,NA,0.044,10,0.6,NA,0.3,43,158.09,4,1,9,1,1,1,0,0,1,0,2,1,0,4,12,6,0.14,0.278,NA,0.611,0.111,220,NA,110,0.874,0,28,0.118,20787,NA,5,7,0.556,0.857,1.11,1.57
Leuven Centrum,24062A00-,30,3,25,10.79,764,7079,429,335,72,453,146,78,15,7,NA,3,-28,9.7,11.4,14.9,21.1,23.1,0.554,0.671,539,490,41,8,386,110,20,19,NA,0.716,0.909,0.076,NA,0.065,47,0.532,0.277,0.191,234,306.28,7,2,19,1,5,4,0,0,0,3,158,0,0,2,13,16,0.085,0.22,0.073,0.61,0.098,746,NA,384,0.859,1,177,0.252,13893,24,17,23,0.45,0.409,1.28,1.18
Leuven Diestsestraat,24062A10-,35,2,15,4.17,377,9042,206,171,46,233,62,26,10,NA,NA,-2,23,10.3,15.3,8.8,25.7,37,0.446,0.621,262,240,17,5,189,48,13,7,NA,0.721,0.916,0.065,NA,0.084,25,0.76,0.12,0.12,141,374.01,10,10,39,3,4,5,2,0,0,8,23,0,0,0,20,16,0.121,0.247,0.099,0.568,0.086,321,NA,125,0.914,4,75,0.256,13895,9,10,9,0.789,0.778,1.68,1.44
Leuven Diestsevest,24062A14-,127,9,9,6.65,56,842,31,25,NA,37,8,6,NA,NA,NA,1,-7,15.6,NA,14,NA,NA,0.589,0.661,39,36,NA,NA,30,5,NA,NA,NA,0.769,0.923,NA,NA,0.052,3,NA,NA,NA,11,196.43,0,0,0,0,1,0,2,0,0,0,1,0,2,2,3,0,NA,NA,NA,0.333,0.667,46,NA,21,0.918,0,17,0.254,15545,NA,NA,NA,NA,NA,NA,NA
Leuven Kliniek O.L.Vrouwkerk,24062A04-,108,38,11,11.88,296,2491,147,149,31,153,54,53,5,NA,NA,-1,8,20.5,14.1,21.4,34.5,25,0.378,0.483,203,181,15,7,144,39,8,11,NA,0.709,0.892,0.074,NA,0.043,8,0.625,NA,NA,19,64.19,2,0,0,0,0,0,0,0,0,0,8,1,0,0,5,3,0.158,1,NA,NA,NA,174,18,117,0.736,1,53,0.265,15914,6,8,5,NA,NA,0.71,1
Leuven Naamsestraat Noord,24062A41-,55,3,3,7.55,342,4531,196,146,44,204,52,28,14,NA,NA,2,57,13.7,16.8,5.7,30.5,66.7,0.591,0.684,242,220,18,NA,183,38,10,7,NA,0.756,0.909,0.074,NA,0.052,12,0.583,NA,0.333,16,46.78,0,0,0,0,1,0,0,0,0,0,8,1,0,2,2,2,0.125,NA,NA,1,NA,432,NA,67,0.8,0,125,0.388,11537,NA,12,11,0.538,0.5,1.38,0.8
Leuven Nieuw Kwartier,24062A42-,377,16,21,24.53,2134,8700,1092,1042,380,940,439,319,56,30,NA,26,-16,18.8,25.7,13.5,44.6,25.5,0.276,0.395,1142,888,171,83,625,272,95,91,59,0.547,0.778,0.15,0.175,0.051,85,0.576,0.165,0.259,34,15.93,6,1,0,0,1,1,0,0,1,1,9,0,0,0,7,7,0.206,0.636,0.091,0.091,0.182,1166,NA,990,0.657,34,300,0.147,21532,52,103,133,0.417,0.279,0.81,0.55
Leuven Stadspark,24062A02-,218,41,35,9.98,319,3196,145,174,21,149,41,50,58,NA,5,-4,39,51.3,10.7,1.6,61.9,341.2,0.451,0.536,240,226,10,NA,192,36,6,6,NA,0.8,0.942,0.042,NA,0.074,14,0.571,0.214,0.214,46,144.2,3,1,0,0,0,0,0,0,0,0,29,0,0,0,6,5,0.152,1,NA,NA,NA,345,27,124,0.759,0,54,0.213,17090,6,NA,10,0.556,NA,1.44,1.22
Leuven Station,24062A17-,18,7,9,9.92,NA,NA,NA,NA,NA,NA,NA,NA,NA,NA,NA,0,0,NA,NA,NA,NA,NA,NA,NA,NA,NA,NA,NA,NA,NA,NA,NA,NA,NA,NA,NA,NA,NA,NA,NA,NA,NA,10,NA,2,0,0,0,0,0,0,0,0,0,7,0,0,0,1,0,NA,1,NA,NA,NA,NA,NA,NA,NA,0,NA,NA,NA,NA,NA,NA,NA,NA,NA,NA
Lobergen,24062C2PA,309,57,27,50.78,365,719,188,177,96,91,80,78,20,NA,NA,1,11,37.2,49,7.9,86.2,45.5,0.074,0.137,152,94,40,18,49,48,16,23,15,0.322,0.618,0.263,NA,0.03,6,0.5,NA,NA,NA,NA,NA,NA,NA,NA,NA,NA,NA,NA,NA,NA,NA,NA,NA,NA,NA,NA,NA,NA,NA,NA,NA,NA,7,142,0.107,0,65,0.172,25624,17,23,21,NA,0.238,0.08,0.62
Mannenstraat,24062A53-,118,33,44,21.39,1983,9271,945,1038,340,884,390,303,66,27,9,18,88,22,25.2,10.5,47.2,34.4,0.335,0.58,1172,938,162,72,713,257,101,68,33,0.608,0.8,0.138,0.284,0.065,79,0.494,0.203,0.304,11,5.55,3,0,0,0,0,1,0,0,0,0,2,0,0,0,0,5,0.455,0.75,NA,NA,0.25,1097,35,369,0.796,306,534,0.311,17065,82,97,80,0.722,0.73,2.6,2.45
Maria Theresiastraat,24062A22-,25,0,0,6.27,330,5266,176,154,28,185,59,48,10,NA,NA,2,17,13.5,10.5,10.7,24.1,37,0.321,0.4,211,192,13,6,144,43,9,9,6,0.682,0.91,0.062,NA,0.024,6,0.5,NA,NA,7,21.21,0,0,0,0,0,0,0,0,0,0,3,0,0,1,2,1,0.143,NA,NA,NA,NA,128,NA,132,0.761,0,40,0.14,23118,6,8,NA,NA,NA,0.64,NA
Matadi,24062D21-,212,67,32,29.26,1632,5577,831,801,299,637,335,302,59,11,8,3,-4,26.1,28.3,10.8,54.4,37.6,0.192,0.293,830,626,137,67,395,248,64,77,46,0.476,0.754,0.165,0.182,0.044,48,0.583,0.208,0.208,6,3.68,0,1,0,0,1,0,0,0,1,0,0,0,0,0,2,1,0.167,0.333,NA,0.333,0.333,310,88,643,0.452,6,157,0.103,22330,59,90,100,0.257,0.258,0.49,0.42
Mechelsestraat,24062A05-,28,1,12,11.33,1170,10323,606,564,179,571,263,119,38,12,NA,9,33,13.9,20.6,10.1,34.5,30.4,0.258,0.392,648,515,99,34,359,161,62,38,28,0.554,0.795,0.153,0.212,0.047,38,0.737,0.184,0.079,7,5.98,2,1,0,0,0,0,0,0,0,0,3,0,0,1,0,0,NA,1,NA,NA,NA,540,NA,315,0.604,8,171,0.17,21022,26,36,57,0.393,0.421,0.87,0.89
Molenbeek,24062D05-,557,17,19,21.64,597,2759,273,324,100,182,127,114,74,NA,9,-8,1,45.7,29.3,3.3,75.1,102.8,0.211,0.3,321,240,45,36,182,64,29,31,15,0.567,0.748,0.14,0.111,0.037,14,0.571,0.357,NA,NA,NA,NA,NA,NA,NA,NA,NA,NA,NA,NA,NA,NA,NA,NA,NA,NA,NA,NA,NA,NA,NA,NA,435,NA,171,0.631,0,83,0.145,23906,16,24,24,0.25,0.25,0.4,0.5
Nieuwe Steenweg,24062B11-,28,3,2,32.56,489,1502,248,241,120,141,126,83,19,7,NA,6,-1,24.2,40.4,11,64.6,30.2,0.031,0.121,195,105,62,28,41,71,40,32,11,0.21,0.538,0.318,0.177,0.023,7,0.571,NA,NA,3,6.13,0,0,0,0,0,0,0,0,0,0,1,0,0,0,1,1,0.333,NA,NA,NA,NA,17,NA,198,0.194,3,60,0.124,22691,25,32,37,0.333,0.467,0.46,0.73
Noormannen,24062A54-,44,4,0,17.8,1592,8942,822,770,271,706,365,204,46,22,NA,18,9,16.7,23.9,12.4,40.6,28.9,0.264,0.454,874,694,137,43,489,204,83,64,34,0.559,0.794,0.157,0.212,0.059,72,0.597,0.181,0.222,5,3.14,1,0,0,0,0,1,0,0,0,0,0,0,0,0,2,1,0.2,0.5,NA,NA,0.5,493,125,563,0.677,62,333,0.211,20675,55,78,87,0.5,0.517,2.08,2.1
Pasteurwijk,24062C42-,193,38,20,13.53,802,5929,397,405,200,228,205,143,26,13,NA,10,2,24.9,41.5,13.4,66.4,28.6,0.089,0.251,335,206,99,30,100,107,50,58,20,0.299,0.615,0.296,0.162,0.045,23,0.522,NA,0.391,2,2.49,1,0,0,0,0,0,0,0,0,0,0,0,1,0,0,0,NA,1,NA,NA,NA,66,NA,280,0.291,1,71,0.089,24418,40,73,51,0.266,0.354,0.59,0.63
Pinkstermolen,24062C13-,110,0,2,93.22,1840,1974,916,924,451,469,574,297,49,14,5,9,11,20.1,39,17.8,59,17.1,0.083,0.29,713,376,214,123,168,240,125,110,70,0.236,0.527,0.3,0.182,0.037,45,0.422,0.244,0.333,15,8.15,2,1,0,0,0,2,0,1,0,0,1,0,1,0,5,2,0.133,0.5,NA,NA,0.5,120,NA,610,0.198,18,155,0.097,22072,55,151,163,0.338,0.404,0.64,0.67
Plein,24062C63-,586,56,29,37.92,287,757,151,136,64,75,82,56,10,NA,NA,1,0,25.3,36,13.8,61.2,26.3,0.045,0.118,116,65,28,23,33,36,18,20,9,0.284,0.56,0.241,0.143,0.027,5,0.6,NA,NA,1,3.48,0,0,0,0,0,0,0,0,0,0,1,0,0,0,0,0,NA,NA,NA,NA,NA,NA,NA,127,0.123,0,15,0.054,23651,8,21,24,0.241,0.273,0.24,0.36
Predikherenbrug,24062E742,23,0,0,64.84,268,413,144,124,51,69,74,63,11,NA,NA,0,3,36.5,32.1,12.5,68.6,34.4,0.049,0.183,123,90,23,10,50,37,12,17,7,0.407,0.732,0.187,NA,0.063,10,0.6,NA,NA,9,33.58,1,0,0,0,1,1,1,0,0,0,2,0,1,0,1,1,0.111,0.25,NA,0.25,0.5,11,14,96,0.226,0,31,0.112,29474,NA,19,19,NA,0.263,0.17,0.42
Puthof,24062B091,16,0,4,52.59,60,114,28,32,13,5,22,19,NA,NA,NA,0,1,46.9,40.6,41,87.5,NA,NA,0.083,29,22,6,NA,13,8,NA,NA,NA,0.448,0.759,0.207,NA,NA,NA,NA,NA,NA,2,33.33,0,0,0,0,0,0,0,0,0,0,0,0,1,0,1,0,NA,NA,NA,NA,NA,6,NA,24,0.321,0,NA,NA,23800,NA,5,NA,NA,NA,NA,NA
Putkapel,24062B191,51,7,4,191.54,214,112,112,102,55,57,61,29,12,5,NA,4,7,26.2,43.7,7.5,69.8,48,0.033,0.098,77,35,29,13,11,28,16,15,7,0.143,0.455,0.377,0.103,0.025,3,NA,NA,NA,NA,NA,NA,NA,NA,NA,NA,NA,NA,NA,NA,NA,NA,NA,NA,NA,NA,NA,NA,NA,NA,NA,NA,NA,NA,77,0.118,0,NA,NA,21556,8,18,18,NA,NA,0.17,0.29
Putkapel Centrum,24062B100,203,17,20,97.86,2550,2606,1243,1307,619,655,644,410,222,31,36,-5,85,33.8,42.9,4.7,76.7,73.3,0.08,0.217,1035,619,309,107,321,327,151,163,73,0.31,0.598,0.299,0.142,0.027,39,0.282,0.333,0.385,65,25.49,8,2,7,0,3,4,1,2,1,0,11,1,3,4,12,5,0.092,0.357,NA,0.357,0.286,198,26,848,0.27,1,246,0.11,21619,107,203,175,0.292,0.371,0.5,0.66
Redingen,24062A44-,52,5,1,16.34,1004,6146,531,473,130,504,195,147,28,10,5,5,-2,17.6,17.5,12.2,35.1,29.2,0.368,0.509,637,549,69,19,424,126,38,36,13,0.666,0.862,0.108,0.188,0.044,34,0.618,NA,0.324,13,12.95,1,0,1,0,0,0,1,0,1,0,5,0,0,0,3,1,0.077,0.25,NA,0.25,0.5,904,NA,258,0.726,0,192,0.209,18484,23,33,38,0.491,0.333,1.36,0.58
Rerum Novarum,24062C14-,304,21,20,19.8,674,3404,324,350,158,164,193,115,44,8,NA,5,-24,25.2,38.3,7,63.6,41.9,0.047,0.159,261,139,80,42,63,80,45,51,22,0.241,0.533,0.307,0.1,0.02,9,0.556,NA,NA,2,2.97,0,1,0,0,0,0,0,0,0,0,0,0,0,0,1,0,NA,1,NA,NA,NA,23,NA,244,0.112,0,21,0.03,26843,24,58,48,0.098,0.149,0.23,0.28
Roeselberg,24062B34-,99,10,4,65.03,807,1241,397,410,203,203,233,129,39,NA,NA,0,-25,25.3,42.1,9.3,67.4,34.8,0.094,0.342,306,163,93,50,66,103,55,53,29,0.216,0.533,0.304,0.161,0.039,20,0.6,0.15,0.25,3,3.72,0,0,0,0,0,0,0,0,0,0,2,0,0,0,0,1,0.333,NA,NA,NA,NA,31,NA,301,0.207,11,80,0.108,23658,38,67,81,0.476,0.385,1.04,0.85
Rotspoel verspreide bewoning,24062D591,99,9,5,257.2,137,53,75,62,31,42,29,30,5,NA,NA,4,-2,43.2,41.9,11.8,85.1,33.3,0.073,0.182,56,33,19,NA,12,22,10,9,NA,0.214,0.589,0.339,NA,NA,NA,NA,NA,NA,9,65.69,0,0,0,0,0,0,0,0,0,0,7,0,2,0,0,0,NA,NA,NA,NA,NA,6,NA,62,0.132,0,NA,NA,NA,5,8,10,NA,NA,0.31,0.2
Saffranenberg,24062D22-,50,3,2,44.03,3042,6909,1487,1555,611,1008,686,549,188,35,20,15,100,30.6,32.8,6.6,63.4,59.9,0.202,0.361,1417,982,328,107,551,458,178,155,75,0.389,0.693,0.231,0.159,0.036,68,0.603,0.235,0.162,5,1.64,1,1,0,0,0,0,0,0,0,0,1,0,0,0,2,0,NA,1,NA,NA,NA,816,NA,725,0.413,31,273,0.096,23339,109,184,196,0.294,0.392,0.76,0.82
Schoolbergen,24062C68-,90,7,14,134.07,664,495,341,323,173,92,192,183,24,NA,5,-1,-11,42.3,50.1,15.6,92.5,23.8,0.021,0.078,250,136,79,35,48,98,27,50,27,0.192,0.544,0.316,0.127,0.018,7,0.429,NA,0.571,1,1.51,0,0,0,0,0,0,0,0,0,0,0,0,0,0,1,0,NA,NA,NA,NA,NA,NA,NA,258,0.04,0,26,0.038,30933,14,54,78,0.154,0.08,0.22,0.13
Sint Jacob,24062A50-,103,0,0,8.69,414,4767,225,189,43,204,97,53,17,NA,NA,2,2,15.6,13.4,8.8,29,37.8,0.302,0.486,281,247,27,7,202,52,16,8,NA,0.719,0.879,0.096,NA,0.089,32,0.531,0.125,0.344,21,50.72,3,1,0,0,2,0,0,0,0,0,3,0,0,1,10,1,0.048,0.667,NA,0.333,NA,394,NA,125,0.829,35,139,0.344,17528,7,12,13,0.389,0.385,1.28,1
Sint Kwintens,24062A40-,96,17,2,8.41,661,7862,338,323,59,346,121,107,28,6,NA,4,2,22.1,12,8.1,34.1,47.5,0.381,0.493,425,381,31,13,267,115,21,13,9,0.628,0.896,0.073,0.226,0.083,42,0.69,0.095,0.214,19,28.74,1,0,0,0,1,3,0,0,0,0,6,0,1,0,7,0,NA,0.2,NA,0.2,0.6,452,NA,212,0.766,0,142,0.225,19443,11,19,19,0.333,0.526,1.2,1.47
Sint Maartensdal,24062A12-,102,29,19,5.67,1338,23584,624,714,340,354,333,226,85,28,10,18,3,31.5,44.8,6.6,76.3,50,0.231,0.712,725,464,199,62,399,142,111,51,22,0.55,0.64,0.274,0.417,0.131,104,0.375,0.154,0.471,12,8.97,2,1,2,0,2,0,0,0,1,0,2,0,0,0,2,0,NA,0.375,NA,0.5,0.125,833,NA,27,0.991,736,887,0.633,9899,80,119,40,0.93,0.903,3.17,3.03
Sint Martinus,24062B300,67,1,5,29.58,438,1481,220,218,106,113,100,91,28,7,NA,6,0,34.4,42.9,6.8,77.3,50,0.057,0.219,172,102,48,22,43,60,30,19,20,0.25,0.593,0.279,0.208,0.018,5,0.8,NA,NA,5,11.42,0,1,0,0,0,0,0,1,1,0,0,0,2,0,0,0,NA,0.333,NA,NA,0.667,15,NA,165,0.158,0,27,0.064,23963,21,30,27,0.14,0.5,0.24,0.77
Sint-Antonius,24062D10-,24,10,13,12.1,919,7598,485,434,158,402,195,149,15,10,NA,7,10,18.5,24.6,22.9,43.1,18.8,0.194,0.3,467,358,85,24,215,135,60,37,20,0.46,0.767,0.182,0.2,0.046,28,0.714,0.107,0.179,10,10.88,2,1,0,0,0,0,0,0,1,0,4,0,0,0,1,1,0.1,0.75,NA,NA,0.25,291,NA,319,0.505,1,109,0.135,23644,26,53,43,0.308,0.405,0.73,0.71
Spaanse Kroon,24062E710,161,3,7,23.78,891,3747,460,431,183,251,213,164,80,10,NA,8,1,36.4,35.3,4.7,71.7,81.6,0.085,0.201,379,248,84,47,108,145,53,44,29,0.285,0.654,0.222,0.131,0.032,17,0.529,0.176,0.294,2,2.24,1,0,0,0,0,0,0,0,0,0,0,0,0,0,1,0,NA,1,NA,NA,NA,89,NA,312,0.279,1,61,0.074,24846,34,53,61,0.153,0.321,0.39,0.64
Ter Elst,24062D61-,71,2,4,12.85,619,4818,300,319,173,164,143,109,30,8,7,1,13,29.7,50.3,8.4,79.9,53.6,0.149,0.244,245,142,80,23,76,75,26,37,31,0.31,0.58,0.327,0.15,0.03,11,0.636,NA,0.273,4,6.46,0,1,0,0,0,0,0,0,0,0,0,0,0,0,2,1,0.25,1,NA,NA,NA,27,NA,246,0.202,0,36,0.063,26144,29,57,55,0.094,0.111,0.33,0.31
Terbank,24062D60-,22,0,5,32.32,810,2506,437,373,141,349,183,120,17,5,NA,2,7,15.5,24.4,17.8,39.9,17.7,0.249,0.391,434,343,69,22,232,114,35,36,17,0.535,0.79,0.159,0.174,0.051,31,0.419,0.194,0.387,21,25.93,1,1,0,0,1,1,0,0,0,0,7,0,3,0,6,1,0.048,0.5,NA,0.25,0.25,279,NA,308,0.65,0,136,0.172,21269,33,35,34,0.403,0.552,0.97,0.9
Tiensestraat,24062A30-,12,1,8,5.21,460,8825,246,214,37,311,67,33,12,NA,NA,1,-4,7.1,9.4,8.3,16.5,50,0.47,0.62,329,304,17,8,241,63,15,7,NA,0.733,0.924,0.052,NA,0.075,33,0.515,0.242,0.242,97,210.87,10,1,1,0,0,3,1,0,0,1,42,1,0,2,20,11,0.155,0.647,0.059,0.059,0.235,564,NA,167,0.833,6,151,0.35,14845,9,11,12,0.6,0.833,1.3,2
Trolieberg,24062C43-,27,0,8,73.23,2711,3702,1331,1380,523,904,654,459,171,34,18,16,-31,28.1,30.6,6.5,58.7,52,0.142,0.268,1281,894,267,120,484,452,140,140,65,0.378,0.698,0.208,0.142,0.029,51,0.608,0.118,0.275,3,1.11,2,0,0,0,0,0,0,0,0,0,0,0,0,0,1,0,NA,1,NA,NA,NA,663,NA,670,0.437,0,246,0.092,24851,96,157,155,0.302,0.301,0.67,1.52
Vaart,24062A07-,230,18,7,23.97,1754,7318,887,867,258,888,317,241,50,18,7,11,169,17.7,20.3,11.2,38,36.2,0.357,0.561,1143,1001,113,29,755,260,66,39,23,0.661,0.876,0.099,0.257,0.036,42,0.5,0.214,0.286,31,17.67,2,2,1,0,2,2,1,1,0,1,6,1,0,0,8,4,0.129,0.333,0.083,0.25,0.333,1336,NA,46,0.758,142,147,0.188,19365,48,66,51,0.806,0.745,1.9,1.64
Vaartdijk,24062B08-,46,6,5,31.16,41,132,24,17,11,7,15,6,NA,NA,NA,-1,-4,25,45.8,10.5,70.8,NA,NA,0.146,18,11,6,NA,6,5,NA,NA,NA,0.333,0.611,0.333,NA,NA,NA,NA,NA,NA,2,48.78,0,0,0,0,0,0,0,0,0,0,0,0,2,0,0,0,NA,NA,NA,NA,NA,NA,NA,22,0.286,0,NA,NA,NA,NA,NA,6,NA,NA,NA,0.17
Van Even,24062A36-,80,9,9,10,661,6608,357,304,83,395,99,72,12,6,NA,3,13,11.4,16,14.3,27.4,27.3,0.425,0.549,444,393,36,15,324,68,25,16,11,0.73,0.885,0.081,0.222,0.066,37,0.676,0.27,NA,6,9.08,0,0,0,0,0,0,0,0,0,0,4,0,0,0,1,1,0.167,NA,NA,NA,NA,571,82,349,0.796,0,116,0.212,15034,12,15,19,0.5,NA,0.96,0.42
Van Monsstraat,24062A13-,71,8,18,16.46,1282,7788,677,605,185,604,275,169,49,12,7,5,0,18.2,19.9,9.1,38.1,40.5,0.285,0.449,764,632,98,34,465,168,64,51,16,0.609,0.827,0.128,0.286,0.056,54,0.611,0.204,0.185,18,14.04,3,0,1,1,2,1,0,1,0,1,4,0,0,3,1,0,NA,0.3,0.1,0.4,0.2,548,NA,452,0.648,19,247,0.203,20824,36,49,71,0.452,0.493,1.99,2
Vesalius,24062A35-,85,0,4,11.56,601,5200,313,288,32,231,106,99,133,NA,35,-33,52,58.1,8.9,1.5,66.9,250.9,0.245,0.341,304,284,12,8,249,35,11,5,NA,0.819,0.934,0.039,NA,0.129,44,0.364,0.205,0.432,6,9.98,0,0,0,0,0,0,0,0,0,0,3,0,0,1,2,0,NA,NA,NA,NA,NA,230,7,187,0.848,0,202,0.438,14499,NA,NA,11,NA,NA,0.5,0.55
Vijverpark,24062C04-,129,7,8,32.6,1617,4960,797,820,469,431,449,212,56,19,8,11,-12,19.5,48.8,11.8,68.3,28.4,0.077,0.316,594,302,211,81,148,169,86,117,74,0.249,0.508,0.355,0.152,0.047,48,0.583,0.208,0.208,5,3.09,1,0,0,0,0,0,0,0,0,0,2,0,0,0,1,1,0.2,1,NA,NA,NA,90,NA,549,0.314,43,257,0.162,19910,86,159,164,0.378,0.427,0.77,0.89
Vital Decoster,24062A11-,32,24,18,9.35,747,7989,372,375,65,404,134,102,42,NA,10,-6,25,20.5,11.5,5.6,32,58.3,0.394,0.525,513,462,28,23,365,103,22,12,11,0.712,0.901,0.055,0.143,0.063,36,0.583,0.25,0.167,27,36.14,1,0,5,0,0,0,0,0,0,1,3,2,0,0,10,5,0.185,0.143,0.143,0.714,NA,667,NA,191,0.797,0,115,0.181,18872,12,10,22,0.429,0.55,1.24,1.3
Vlierbeek,24062C11-,399,25,8,35.07,1133,3231,546,587,335,252,257,198,91,10,12,-2,143,39.3,58.5,5,97.7,72.8,0.102,0.364,446,260,140,46,124,152,52,67,51,0.278,0.583,0.314,0.207,0.041,22,0.545,0.273,0.182,1,0.88,0,0,0,0,0,0,0,0,0,0,1,0,0,0,0,0,NA,NA,NA,NA,NA,137,NA,299,0.289,29,140,0.136,24607,46,82,69,0.408,0.463,0.89,0.81
Vogelzang,24062D622,58,5,8,81.76,912,1115,437,475,134,283,148,147,200,NA,23,-21,20,64.5,28.3,1.5,92.8,327.9,0.232,0.307,450,366,60,24,253,116,28,30,23,0.562,0.813,0.133,0.133,0.029,14,0.714,NA,NA,6,6.58,0,0,0,0,0,0,1,0,0,0,1,0,0,0,4,0,NA,NA,NA,NA,1,173,86,211,0.584,0,153,0.17,22636,23,47,46,0.364,0.114,0.77,0.23
Vormingsstation,24062C0AJ,305,4,9,99.82,151,151,73,78,61,49,25,14,NA,7,NA,3,7,15.4,78.2,19.5,93.6,NA,0.099,0.55,41,15,21,5,8,8,10,NA,12,0.195,0.366,0.512,NA,0.205,17,NA,NA,0.824,NA,NA,NA,NA,NA,NA,NA,NA,NA,NA,NA,NA,NA,NA,NA,NA,NA,NA,NA,NA,NA,NA,NA,NA,NA,17,0.65,0,95,0.66,5469,7,16,13,0.933,NA,2.87,NA
Wijgmaal,24062F40-,656,38,33,99.46,2508,2521,1172,1336,672,601,642,404,189,31,35,-4,66,34.9,49.4,5.5,84.3,62.6,0.049,0.172,980,543,331,106,294,305,131,160,90,0.3,0.554,0.338,0.224,0.026,37,0.649,0.135,0.216,28,11.16,2,2,2,0,0,0,1,0,0,2,7,0,0,0,7,5,0.179,0.444,0.222,0.222,0.111,109,24,874,0.259,45,249,0.107,21233,114,210,210,0.425,0.401,0.66,0.57
Wijveld,24062F412,136,2,2,36.99,581,1571,272,309,150,122,142,136,31,NA,7,-4,-21,48.6,51.7,9,100.3,47.7,0.046,0.174,232,131,70,31,62,75,43,30,22,0.267,0.565,0.302,0.171,0.009,3,NA,NA,NA,2,3.44,1,0,0,0,0,0,0,0,0,0,0,0,0,0,1,0,NA,1,NA,NA,NA,NA,NA,252,0.134,16,56,0.096,19911,35,47,52,0.37,0.471,0.6,0.84
Wilsele Centrum,24062B00-,6,5,2,33.37,688,2062,351,337,145,189,166,139,49,12,NA,8,-13,40.7,37.6,6.2,78.2,65.3,0.09,0.233,301,195,73,33,99,106,34,44,17,0.329,0.648,0.243,0.137,0.049,20,0.4,0.3,0.3,17,24.71,1,0,0,0,0,1,0,0,1,2,4,1,2,0,5,0,NA,0.2,0.4,NA,0.4,60,NA,256,0.195,2,65,0.096,21479,35,50,37,0.407,0.324,0.7,0.56
Wilsele Hoek,24062B423,35,0,0,16.32,321,1967,160,161,83,86,87,46,19,NA,NA,3,8,25.3,43.7,7,68.9,43.2,0.031,0.121,123,67,41,15,29,45,12,23,14,0.236,0.545,0.333,0.098,0.047,9,0.667,NA,NA,2,6.23,0,0,0,0,0,0,0,0,0,0,0,0,2,0,0,0,NA,NA,NA,NA,NA,NA,NA,128,0.138,0,18,0.059,24195,17,27,25,0.214,0.36,0.38,0.48
Wilsele Industriezone,24062B27-,265,30,22,36.91,NA,NA,NA,NA,NA,NA,NA,NA,NA,NA,NA,0,0,NA,NA,NA,NA,NA,NA,NA,NA,NA,NA,NA,NA,NA,NA,NA,NA,NA,1,NA,NA,NA,NA,NA,NA,NA,11,2750,2,0,0,0,1,4,0,2,0,0,0,0,1,1,0,0,NA,0.222,NA,0.111,0.667,NA,NA,NA,NA,0,NA,NA,NA,NA,NA,NA,NA,NA,NA,NA
Wilsele Mechelse Poort,24062B33-,123,17,10,21.51,1235,5741,611,624,270,395,301,221,48,16,14,2,180,27.8,35.8,10.9,63.6,31.6,0.159,0.38,558,356,147,55,205,177,72,71,33,0.367,0.638,0.263,0.204,0.052,36,0.583,0.139,0.278,8,6.48,2,1,0,1,0,0,0,0,0,1,1,0,0,0,1,1,0.125,0.6,0.2,0.2,NA,296,NA,393,0.349,61,178,0.173,21759,38,70,51,0.358,0.438,1.85,1.81
Wilsele Oud Centrum,24062B32-,16,1,3,20.61,592,2873,299,293,118,129,147,144,54,7,5,2,-8,51.9,37.8,5.4,89.7,73,0.066,0.215,273,191,54,28,114,77,32,31,19,0.418,0.7,0.198,NA,0.032,11,0.636,NA,0.273,2,3.38,0,0,0,0,0,0,0,0,0,0,1,0,0,0,1,0,NA,NA,NA,NA,NA,34,NA,258,0.308,41,62,0.106,25569,20,34,39,0.17,0.154,0.34,0.31
Zavelstraat,24062C2MA,103,1,0,39.58,321,811,158,163,76,91,95,42,17,NA,NA,3,-1,20.7,37.4,8.1,58.1,33.3,0.053,0.209,129,74,36,19,37,43,15,18,16,0.287,0.574,0.279,0.111,0.049,10,0.8,NA,NA,4,12.46,0,0,0,0,0,1,1,0,0,0,1,0,1,0,0,0,NA,NA,NA,NA,1,14,NA,122,0.178,0,21,0.068,22128,14,28,28,0.244,0.222,0.51,0.41
Ziekelinge,24062E72-,83,2,3,10.03,324,3231,157,167,100,77,84,47,16,NA,NA,1,10,25.8,56.2,8.2,82,48.5,0.117,0.262,126,67,47,12,40,33,13,24,16,0.317,0.532,0.373,NA,0.035,6,0.5,NA,NA,10,30.86,0,0,0,0,0,1,1,1,0,0,2,0,1,0,2,2,0.2,NA,NA,NA,1,21,NA,114,0.274,0,26,0.09,NA,18,34,27,0.157,NA,0.25,0.22
Zwaaikom,24062B37-,105,0,5,17.9,58,324,32,26,5,21,14,15,NA,NA,NA,0,-1,26.2,11.9,9.7,38.1,NA,0.086,0.276,25,13,NA,10,8,7,7,NA,NA,0.32,0.52,NA,NA,0.091,4,0.75,NA,NA,15,258.62,2,0,2,0,0,2,0,1,0,0,3,0,1,1,1,2,0.133,0.286,NA,0.286,0.429,6,NA,25,NA,0,NA,NA,19006,NA,NA,NA,NA,NA,NA,NA
